
[
    {
      "id": 1,
      "title": "Заголовок 1",
      "description": "Описание 1",
      "image":"https://img.championat.com/s/735x490/news/big/l/w/skvosh-triatlon-zorbing-chto-vybrat-v-2019_15488563261718964122.jpg"
    },
    {
      "id": 2,
      "title": "Заголовок 2",
      "description": "Описание 2",
      "image":"https://img.championat.com/s/735x490/news/big/l/w/skvosh-triatlon-zorbing-chto-vybrat-v-2019_15488563261718964122.jpg"
    },
    {
      "id": 3,
      "title": "Заголовок 3",
      "description": "Описание 3",
      "image":"https://img.championat.com/s/735x490/news/big/l/w/skvosh-triatlon-zorbing-chto-vybrat-v-2019_15488563261718964122.jpg"
        },
    {
      "id": 4,
      "title": "Заголовок 4",
      "description": "Описание 4",
      "image":"https://img.championat.com/s/735x490/news/big/l/w/skvosh-triatlon-zorbing-chto-vybrat-v-2019_15488563261718964122.jpg"
    },
    {
      "id": 5,
      "title": "Заголовок 5",
      "description": "Описание 5",
      "image":"https://img.championat.com/s/735x490/news/big/l/w/skvosh-triatlon-zorbing-chto-vybrat-v-2019_15488563261718964122.jpg"
    },
    {
      "id": 6,
      "title": "Заголовок 6",
      "description": "Описание 6"
    },
    {
      "id": 7,
      "title": "Заголовок 7",
      "description": "Описание 7"
    },
    {
      "id": 8,
      "title": "Заголовок 8",
      "description": "Описание 8"
    },
    {
      "id": 9,
      "title": "Заголовок 9",
      "description": "Описание 9"
    },
    {
      "id": 10,
      "title": "Заголовок 10",
      "description": "Описание 10"
    },
    {
      "id": 11,
      "title": "Заголовок 11",
      "description": "Описание 11"
    },
    {
      "id": 12,
      "title": "Заголовок 12",
      "description": "Описание 12"
    },
    {
      "id": 13,
      "title": "Заголовок 13",
      "description": "Описание 13"
    },
    {
      "id": 14,
      "title": "Заголовок 14",
      "description": "Описание 14"
    },
    {
      "id": 15,
      "title": "Заголовок 15",
      "description": "Описание 15"
    },
    {
      "id": 16,
      "title": "Заголовок 16",
      "description": "Описание 16"
    },
    {
      "id": 17,
      "title": "Заголовок 17",
      "description": "Описание 17"
    },
    {
      "id": 18,
      "title": "Заголовок 18",
      "description": "Описание 18"
    },
    {
      "id": 18,
      "title": "Заголовок 18",
      "description": "Описание 18"
    },
    {
      "id": 18,
      "title": "Заголовок 18",
      "description": "Описание 18"
    },
    {
      "id": 18,
      "title": "Заголовок 18",
      "description": "Описание 18"
    },
    {
      "id": 18,
      "title": "Заголовок 18",
      "description": "Описание 18"
    }
    ,
    {
      "id": 18,
      "title": "Заголовок 18",
      "description": "Описание 18"
    }
    ,
    {
      "id": 18,
      "title": "Заголовок 18",
      "description": "Описание 18"
    }
    ,
    {
      "id": 18,
      "title": "Заголовок 18",
      "description": "Описание 18"
    }
    ,
    {
      "id": 18,
      "title": "Заголовок 18",
      "description": "Описание 18"
    }
    ,
    {
      "id": 18,
      "title": "Заголовок 18",
      "description": "Описание 18"
    }
    ,
    {
      "id": 18,
      "title": "Заголовок 18",
      "description": "Описание 18"
    },
    {
      "id": 18,
      "title": "Заголовок 18",
      "description": "Описание 18"
    },
    {
      "id": 18,
      "title": "Заголовок 18",
      "description": "Описание 18"
    },
    {
      "id": 18,
      "title": "Заголовок 18",
      "description": "Описание 18"
    },
    {
      "id": 18,
      "title": "Заголовок 18",
      "description": "Описание 18"
    },
    {
      "id": 18,
      "title": "Заголовок 18",
      "description": "Описание 18"
    },
    {
      "id": 18,
      "title": "Заголовок 18",
      "description": "Описание 18"
    },
    {
      "id": 18,
      "title": "Заголовок 18",
      "description": "Описание 18"
    },
    {
      "id": 18,
      "title": "Заголовок 18",
      "description": "Описание 18"
    },
    {
      "id": 18,
      "title": "Заголовок 18",
      "description": "Описание 18"
    },
    {
      "id": 18,
      "title": "Заголовок 18",
      "description": "Описание 18"
    },
    {
      "id": 18,
      "title": "Заголовок 18",
      "description": "Описание 18"
    },
    {
      "id": 18,
      "title": "Заголовок 18",
      "description": "Описание 18"
    },
    {
      "id": 18,
      "title": "Заголовок 18",
      "description": "Описание 18"
    },
    {
      "id": 18,
      "title": "Заголовок 18",
      "description": "Описание 18"
    },
    {
      "id": 18,
      "title": "Заголовок 18",
      "description": "Описание 18"
    },
    {
      "id": 18,
      "title": "Заголовок 18",
      "description": "Описание 18"
    },
    {
      "id": 18,
      "title": "Заголовок 18",
      "description": "Описание 18"
    },
    {
      "id": 18,
      "title": "Заголовок 18",
      "description": "Описание 18"
    },
    {
      "id": 18,
      "title": "Заголовок 18",
      "description": "Описание 18"
    },
    {
      "id": 18,
      "title": "Заголовок 18",
      "description": "Описание 18"
    },
    {
      "id": 18,
      "title": "Заголовок 18",
      "description": "Описание 18"
    },
    {
      "id": 18,
      "title": "Заголовок 18",
      "description": "Описание 18"
    },
    {
      "id": 18,
      "title": "Заголовок 18",
      "description": "Описание 18"
    },
    {
      "id": 18,
      "title": "Заголовок 18",
      "description": "Описание 18"
    },
    {
      "id": 18,
      "title": "Заголовок 18",
      "description": "Описание 18"
    },
    {
      "id": 18,
      "title": "Заголовок 18",
      "description": "Описание 18"
    },
    {
      "id": 18,
      "title": "Заголовок 18",
      "description": "Описание 18"
    }
  ]